ID,train_number,planned_arrival,planned_departure,planned_platform,planned_status,category_train,train,path,eva_nr,station_name,station_state,station_city,station_zipcode,station_long,station_lat,station_category,changed_arrival,changed_platform_arrival,changed_departure,changed_platform_departure,message_status,priority,info,arrival_hidden,departure_hidden,arrival_path,departure_path,arrival_status,departure_status,arrival_delay_m,departure_delay_m
-7438159880208752554-2608090255-10,7184,2608090320,2608090320,4,,S,S1,Stuttgart Hbf|Stuttgart-Bad Cannstatt|Stuttgart Neckarpark|Stuttgart-Untertürkheim|Stuttgart-Obertürkheim|Esslingen-Mettingen|Esslingen(Neckar)|Oberesslingen|Esslingen-Zell,8000508,Altbach,Baden-Württemberg,Altbach,73776,9.382434033,48.72031354,3,2608090320,,2608090321,,,,,,,,,,,0.0,1.0
3001416332213376097-2608090320-6,7187,2608090339,2608090340,3,,S,S1,Kirchheim(Teck)|Kirchheim(Teck)-Ötlingen|Wendlingen(Neckar)|Wernau(Neckar)|Plochingen,8000508,Altbach,Baden-Württemberg,Altbach,73776,9.382434033,48.72031354,3,2608090339,,2608090340,,,,,,,,,,,0.0,0.0
-7787240854755392241-2608090327-7,7586,2608090347,2608090347,4,,S,S5,Stuttgart Hbf|Stuttgart Nordbahnhof|Stuttgart-Feuerbach|Stuttgart-Zuffenhausen|Kornwestheim Pbf|Ludwigsburg,8000630,Asperg,Baden-Württemberg,Asperg,71679,9.147977466,48.90725609,4,2608090404,,2608090405,,,,,,,,,,,17.0,18.0
-7572214224253311572-2608090307-3,7585,2608090312,2608090313,3,,S,S5,Bietigheim-Bissingen|Tamm(Württ),8000630,Asperg,Baden-Württemberg,Asperg,71679,9.147977466,48.90725609,4,2608090314,,2608090314,,,,,,,,,,,2.0,1.0
-3680974359523044069-2608090327-5,17505,2608090351,2608090351,4,,RB,MEX90,Stuttgart Hbf|Stuttgart-Bad Cannstatt|Waiblingen|Winnenden,8000016,Backnang,Baden-Württemberg,Backnang,71522,9.425986107,48.94264844,3,2608090351,,2608090351,,h,1,Störung,,,,,,,0.0,0.0
5699756456223548979-2608090311-1,7385,,2608090311,,,S,S3,,8000016,Backnang,Baden-Württemberg,Backnang,71522,9.425986107,48.94264844,3,,,2608090311,,,,,,,,,,,0.0,0.0
5829267772153100792-2608090312-12,7384,2608090348,,5,,S,,Stuttgart Hbf|Stuttgart-Bad Cannstatt|Stuttgart Nürnberger Str.|Stuttgart-Sommerrain|Fellbach|Waiblingen|Neustadt-Hohenacker|Schwaikheim|Winnenden|Nellmersbach|Maubach,8000016,Backnang,Baden-Württemberg,Backnang,71522,9.425986107,48.94264844,3,2608090348,,,,,,,,,,,,,0.0,0.0
8199706342352374014-2608090307-9,7482,2608090332,2608090333,1,,S,S4,Stuttgart Hbf|Stuttgart Nordbahnhof|Stuttgart-Feuerbach|Stuttgart-Zuffenhausen|Kornwestheim Pbf|Ludwigsburg|Favoritepark|Freiberg(Neckar),8000873,Benningen (Neckar),Baden-Württemberg,Benningen am Neckar,71726,9.244299075,48.94379773,5,2608090333,,2608090333,,h,1,Bauarbeiten,,,,,,,1.0,0.0
1121323544050799580-2608090325-2,7485,2608090327,2608090327,2,,S,S4,Marbach(Neckar),8000873,Benningen (Neckar),Baden-Württemberg,Benningen am Neckar,71726,9.244299075,48.94379773,5,2608090327,,2608090328,,h,1,Bauarbeiten,,,,,,,0.0,1.0
-128104285512611060-2608090250-10,7284,2608090313,2608090313,1,,S,S2,Stuttgart Hbf|Stuttgart-Bad Cannstatt|Stuttgart Nürnberger Str.|Stuttgart-Sommerrain|Fellbach|Waiblingen|Rommelshausen|Stetten-Beinstein|Endersbach,8000934,Beutelsbach,Baden-Württemberg,Weinstadt,71384,9.38551589,48.81038925,5,2608090313,,2608090313,,h,1,Bauarbeiten,,,,,,,0.0,0.0
-1669766330763761732-2608090303-6,7287,2608090315,2608090315,2,,S,S2,Schorndorf|Weiler(Rems)|Winterbach(b Schorndorf)|Geradstetten|Grunbach,8000934,Beutelsbach,Baden-Württemberg,Weinstadt,71384,9.38551589,48.81038925,5,2608090315,,2608090315,,h,1,Bauarbeiten,,,,,c,c,0.0,0.0
-4197316340764410909-2608090311-7,19201,2608090336,2608090337,8,,RE,MEX12,Heilbronn Hbf|Nordheim(Württ)|Lauffen(Neckar)|Kirchheim(Neckar)|Walheim(Württ)|Besigheim,8000038,Bietigheim-Bissingen,Baden-Württemberg,Bietigheim-Bissingen,74321,9.137217396,48.94794988,2,2608090337,,2608090338,,h,2,Bauarbeiten,,,,,,,1.0,1.0
8960201395561176286-2608090329-5,19539,2608090342,2608090342,4,,RE,MEX17,Vaihingen(Enz)|Sersheim|Sachsenheim|Ellental,8000038,Bietigheim-Bissingen,Baden-Württemberg,Bietigheim-Bissingen,74321,9.137217396,48.94794988,2,2608090342,,2608090343,,,,,,,,,,,0.0,1.0
-7787240854755392241-2608090327-9,7586,2608090354,,5,,S,,Stuttgart Hbf|Stuttgart Nordbahnhof|Stuttgart-Feuerbach|Stuttgart-Zuffenhausen|Kornwestheim Pbf|Ludwigsburg|Asperg|Tamm(Württ),8000038,Bietigheim-Bissingen,Baden-Württemberg,Bietigheim-Bissingen,74321,9.137217396,48.94794988,2,2608090411,,,,,,,,,,,,,17.0,0.0
-7572214224253311572-2608090307-1,7585,,2608090307,,,S,S5,,8000038,Bietigheim-Bissingen,Baden-Württemberg,Bietigheim-Bissingen,74321,9.137217396,48.94794988,2,,,2608090308,,,,,,,,,,,0.0,1.0
4924725122224181772-2608090316-6,7786,2608090330,2608090330,3,,S,S1,Herrenberg|Nufringen|Gärtringen|Ehningen(b Böblingen)|Hulb,8001055,Böblingen,Baden-Württemberg,Böblingen,71034,9.004531864,48.68784871,3,2608090331,,2608090332,,,,,,,,,,,1.0,2.0
-931454936836517219-2608090316-4,7785,2608090330,2608090330,4,,S,S1,Stuttgart-Vaihingen|Stuttgart-Rohr|Goldberg(Württ),8001055,Böblingen,Baden-Württemberg,Böblingen,71034,9.004531864,48.68784871,3,2608090330,,2608090331,,,,,,,,,,,0.0,1.0
-2550013693403130632-2608090334-1,7085,,2608090334,,,S,S60,,8001055,Böblingen,Baden-Württemberg,Böblingen,71034,9.004531864,48.68784871,3,,,2608090334,,,,,,,,,,,0.0,0.0
-5446958204228846804-2608090309-7,7084,2608090326,,5,,S,,Renningen|Renningen Süd|Magstadt|Maichingen Nord|Maichingen|Sindelfingen,8001055,Böblingen,Baden-Württemberg,Böblingen,71034,9.004531864,48.68784871,3,2608090326,,,,,,,,,,,,,0.0,0.0
-2477240971651107566-2608090317-8,7684,2608090336,2608090336,2,,S,S6,Stuttgart Hbf|Stuttgart Nordbahnhof|Stuttgart-Feuerbach|Stuttgart-Zuffenhausen|Neuwirtshaus(Porscheplatz)|Korntal|Weilimdorf,8001476,Ditzingen,Baden-Württemberg,Ditzingen,71254,9.067095186,48.82358726,4,2608090336,,2608090336,,,,,,,,,,,0.0,0.0
3204868192877518802-2608090303-7,7685,2608090324,2608090324,3,,S,S6,Weil der Stadt|Malmsheim|Renningen|Rutesheim|Leonberg|Höfingen,8001476,Ditzingen,Baden-Württemberg,Ditzingen,71254,9.067095186,48.82358726,4,2608090326,,2608090326,,,,,,,,,,,2.0,2.0
-2673665451281248728-2608090335-5,7987,2608090349,2608090350,1,,S,S2,Stuttgart-Vaihingen|Stuttgart-Rohr|Oberaichen|Leinfelden,8001650,Echterdingen,Baden-Württemberg,Echterdingen,70771,9.169307175,48.69214787,4,2608090349,,2608090350,,,,,,,,,,,0.0,0.0
-6273536954068750043-2608090303-3,7984,2608090310,2608090310,2,,S,S2,Filderstadt|Stuttgart Flughafen/Messe,8001650,Echterdingen,Baden-Württemberg,Echterdingen,70771,9.169307175,48.69214787,4,2608090311,,2608090312,,,,,,,,,,,1.0,2.0
4924725122224181772-2608090316-4,7786,2608090325,2608090325,1,,S,S1,Herrenberg|Nufringen|Gärtringen,8001689,Ehningen (b Böblingen),Baden-Württemberg,Ehningen,71139,8.944310368,48.66275549,4,2608090325,,2608090326,,,,,,,,,,,0.0,1.0
-931454936836517219-2608090316-6,7785,2608090335,2608090335,2,,S,S1,Stuttgart-Vaihingen|Stuttgart-Rohr|Goldberg(Württ)|Böblingen|Hulb,8001689,Ehningen (b Böblingen),Baden-Württemberg,Ehningen,71139,8.944310368,48.66275549,4,2608090335,,2608090336,,,,,,,,,,,0.0,1.0
-128104285512611060-2608090250-9,7284,2608090311,2608090311,2,,S,S2,Stuttgart Hbf|Stuttgart-Bad Cannstatt|Stuttgart Nürnberger Str.|Stuttgart-Sommerrain|Fellbach|Waiblingen|Rommelshausen|Stetten-Beinstein,8001785,Endersbach,Baden-Württemberg,Weinstadt,71384,9.370192421,48.81317323,4,2608090311,,2608090311,,h,1,Bauarbeiten,,,,,,,0.0,0.0
-1669766330763761732-2608090303-7,7287,2608090317,2608090317,3,,S,S2,Schorndorf|Weiler(Rems)|Winterbach(b Schorndorf)|Geradstetten|Grunbach|Beutelsbach,8001785,Endersbach,Baden-Württemberg,Weinstadt,71384,9.370192421,48.81317323,4,2608090317,,2608090317,,h,1,Bauarbeiten,,,,,c,c,0.0,0.0
-3853709709212806878-2608090217-14,19104,2608090303,2608090304,3,,ARV,16,Geislingen(Steige)|Geislingen(Steige)West|Kuchen|Gingen(Fils)|Süßen|Salach|Eislingen(Fils)|Göppingen|Faurndau|Uhingen|Ebersbach(Fils)|Reichenbach(Fils)|Plochingen,8001920,Esslingen (Neckar),Baden-Württemberg,Esslingen am Neckar,73728,9.300578149,48.73854148,3,2608090303,,2608090304,,,,,,,,,,,0.0,0.0
4908503792038436808-2608090345-2,19200,2608090352,2608090353,3,,RE,MEX12,Plochingen,8001920,Esslingen (Neckar),Baden-Württemberg,Esslingen am Neckar,73728,9.300578149,48.73854148,3,2608090352,,2608090353,,h,2,Bauarbeiten,,,,,,,0.0,0.0
-7438159880208752554-2608090255-7,7184,2608090312,2608090313,8,,S,S1,Stuttgart Hbf|Stuttgart-Bad Cannstatt|Stuttgart Neckarpark|Stuttgart-Untertürkheim|Stuttgart-Obertürkheim|Esslingen-Mettingen,8001920,Esslingen (Neckar),Baden-Württemberg,Esslingen am Neckar,73728,9.300578149,48.73854148,3,2608090312,,2608090313,,,,,,,,,,,0.0,0.0
3001416332213376097-2608090320-9,7187,2608090347,2608090347,7,,S,S1,Kirchheim(Teck)|Kirchheim(Teck)-Ötlingen|Wendlingen(Neckar)|Wernau(Neckar)|Plochingen|Altbach|Esslingen-Zell|Oberesslingen,8001920,Esslingen (Neckar),Baden-Württemberg,Esslingen am Neckar,73728,9.300578149,48.73854148,3,2608090347,,2608090347,,,,,,,,,,,0.0,0.0
2341795462491341556-2608090342-3,19107,2608090353,2608090354,5,,ARV,16,Stuttgart Hbf|Stuttgart-Bad Cannstatt,8001920,Esslingen (Neckar),Baden-Württemberg,Esslingen am Neckar,73728,9.300578149,48.73854148,3,2608090353,,2608090354,,,,,,,,,,,0.0,0.0
-7438159880208752554-2608090255-6,7184,2608090309,2608090309,4,,S,S1,Stuttgart Hbf|Stuttgart-Bad Cannstatt|Stuttgart Neckarpark|Stuttgart-Untertürkheim|Stuttgart-Obertürkheim,8001921,Esslingen-Mettingen,Baden-Württemberg,Esslingen am Neckar,73733,9.275799007,48.74696655,3,2608090309,,2608090309,,,,,,,,,,,0.0,0.0
3001416332213376097-2608090320-10,7187,2608090349,2608090350,3,,S,S1,Kirchheim(Teck)|Kirchheim(Teck)-Ötlingen|Wendlingen(Neckar)|Wernau(Neckar)|Plochingen|Altbach|Esslingen-Zell|Oberesslingen|Esslingen(Neckar),8001921,Esslingen-Mettingen,Baden-Württemberg,Esslingen am Neckar,73733,9.275799007,48.74696655,3,2608090349,,2608090350,,,,,,,,,,,0.0,0.0
-7438159880208752554-2608090255-9,7184,2608090317,2608090318,4,,S,S1,Stuttgart Hbf|Stuttgart-Bad Cannstatt|Stuttgart Neckarpark|Stuttgart-Untertürkheim|Stuttgart-Obertürkheim|Esslingen-Mettingen|Esslingen(Neckar)|Oberesslingen,8006642,Esslingen-Zell,Baden-Württemberg,Esslingen am Neckar,73730,9.359739507,48.72436142,3,2608090318,,2608090318,,,,,,,,,,,1.0,0.0
3001416332213376097-2608090320-7,7187,2608090342,2608090342,3,,S,S1,Kirchheim(Teck)|Kirchheim(Teck)-Ötlingen|Wendlingen(Neckar)|Wernau(Neckar)|Plochingen|Altbach,8006642,Esslingen-Zell,Baden-Württemberg,Esslingen am Neckar,73730,9.359739507,48.72436142,3,2608090342,,2608090342,,,,,,,,,,,0.0,0.0
8199706342352374014-2608090307-7,7482,2608090326,2608090326,1,,S,S4,Stuttgart Hbf|Stuttgart Nordbahnhof|Stuttgart-Feuerbach|Stuttgart-Zuffenhausen|Kornwestheim Pbf|Ludwigsburg,8001967,Favoritepark,Baden-Württemberg,Ludwigsburg,71634,9.180574277,48.90948451,5,2608090326,,2608090327,,h,1,Bauarbeiten,,,,,,,0.0,1.0
1121323544050799580-2608090325-4,7485,2608090333,2608090334,2,,S,S4,Marbach(Neckar)|Benningen(Neckar)|Freiberg(Neckar),8001967,Favoritepark,Baden-Württemberg,Ludwigsburg,71634,9.180574277,48.90948451,5,2608090333,,2608090334,,h,1,Bauarbeiten,,,,,,,0.0,0.0
5699756456223548979-2608090311-8,7385,2608090332,2608090333,4,,S,S3,Backnang|Maubach|Nellmersbach|Winnenden|Schwaikheim|Neustadt-Hohenacker|Waiblingen,8001974,Fellbach,Baden-Württemberg,Fellbach,70736,9.270645988,48.8202936,3,2608090333,,2608090333,,,,,,,,,,,1.0,0.0
5829267772153100792-2608090312-5,7384,2608090326,2608090327,1,,S,S3,Stuttgart Hbf|Stuttgart-Bad Cannstatt|Stuttgart Nürnberger Str.|Stuttgart-Sommerrain,8001974,Fellbach,Baden-Württemberg,Fellbach,70736,9.270645988,48.8202936,3,2608090327,,2608090327,,,,,,,,,,,1.0,0.0
-128104285512611060-2608090250-5,7284,2608090301,2608090302,1,,S,S2,Stuttgart Hbf|Stuttgart-Bad Cannstatt|Stuttgart Nürnberger Str.|Stuttgart-Sommerrain,8001974,Fellbach,Baden-Württemberg,Fellbach,70736,9.270645988,48.8202936,3,2608090301,,2608090302,,h,1,Bauarbeiten,,,,,,,0.0,0.0
-1669766330763761732-2608090303-11,7287,2608090327,2608090328,4,,S,S2,Schorndorf|Weiler(Rems)|Winterbach(b Schorndorf)|Geradstetten|Grunbach|Beutelsbach|Endersbach|Stetten-Beinstein|Rommelshausen|Waiblingen,8001974,Fellbach,Baden-Württemberg,Fellbach,70736,9.270645988,48.8202936,3,2608090333,3,2608090338,3,h,1,Bauarbeiten,,,,,,,6.0,10.0
-2673665451281248728-2608090335-6,7987,2608090352,2608090353,1,,S,S2,Stuttgart-Vaihingen|Stuttgart-Rohr|Oberaichen|Leinfelden|Echterdingen,8005768,Stuttgart Flughafen/Messe,Baden-Württemberg,Leinfelden-Echterdingen,70629,9.193411574,48.69075193,4,2608090352,,2608090353,,,,,,,,,,,0.0,0.0
-6273536954068750043-2608090303-2,7984,2608090307,2608090308,2,,S,S2,Filderstadt,8005768,Stuttgart Flughafen/Messe,Baden-Württemberg,Leinfelden-Echterdingen,70629,9.193411574,48.69075193,4,2608090308,,2608090309,,,,,,,,,,,1.0,1.0
8199706342352374014-2608090307-8,7482,2608090329,2608090329,3,,S,S4,Stuttgart Hbf|Stuttgart Nordbahnhof|Stuttgart-Feuerbach|Stuttgart-Zuffenhausen|Kornwestheim Pbf|Ludwigsburg|Favoritepark,8002065,Freiberg (Neckar),Baden-Württemberg,Freiberg am Neckar,71691,9.197530085,48.92994974,5,2608090329,,2608090330,,h,1,Bauarbeiten,,,,,,,0.0,1.0
1121323544050799580-2608090325-3,7485,2608090330,2608090331,2,,S,S4,Marbach(Neckar)|Benningen(Neckar),8002065,Freiberg (Neckar),Baden-Württemberg,Freiberg am Neckar,71691,9.197530085,48.92994974,5,2608090330,,2608090331,,h,1,Bauarbeiten,,,,,,,0.0,0.0
4924725122224181772-2608090316-3,7786,2608090322,2608090322,2,,S,S1,Herrenberg|Nufringen,8002165,Gärtringen,Baden-Württemberg,Gärtringen,71116,8.908864487,48.64080021,5,2608090322,,2608090323,,,,,,,,,,,0.0,1.0
-931454936836517219-2608090316-7,7785,2608090338,2608090338,1,,S,S1,Stuttgart-Vaihingen|Stuttgart-Rohr|Goldberg(Württ)|Böblingen|Hulb|Ehningen(b Böblingen),8002165,Gärtringen,Baden-Württemberg,Gärtringen,71116,8.908864487,48.64080021,5,2608090338,,2608090339,,,,,,,,,,,0.0,1.0
-128104285512611060-2608090250-12,7284,2608090317,2608090317,2,,S,S2,Stuttgart Hbf|Stuttgart-Bad Cannstatt|Stuttgart Nürnberger Str.|Stuttgart-Sommerrain|Fellbach|Waiblingen|Rommelshausen|Stetten-Beinstein|Endersbach|Beutelsbach|Grunbach,8002240,Geradstetten,Baden-Württemberg,Remshalden,73630,9.439522346,48.80527689,5,2608090317,,2608090317,,h,1,Bauarbeiten,,,,,,,0.0,0.0
-1669766330763761732-2608090303-4,7287,2608090310,2608090311,1,,S,S2,Schorndorf|Weiler(Rems)|Winterbach(b Schorndorf),8002240,Geradstetten,Baden-Württemberg,Remshalden,73630,9.439522346,48.80527689,5,2608090310,,2608090311,,h,1,Bauarbeiten,,,,,c,c,0.0,0.0
4924725122224181772-2608090316-7,7786,2608090332,2608090332,2,,S,S1,Herrenberg|Nufringen|Gärtringen|Ehningen(b Böblingen)|Hulb|Böblingen,8005201,Goldberg,Baden-Württemberg,Böblingen,71032,9.019733387,48.69651581,5,2608090333,,2608090334,,,,,,,,,,,1.0,2.0
-931454936836517219-2608090316-3,7785,2608090328,2608090328,1,,S,S1,Stuttgart-Vaihingen|Stuttgart-Rohr,8005201,Goldberg,Baden-Württemberg,Böblingen,71032,9.019733387,48.69651581,5,2608090328,,2608090328,,,,,,,,,,,0.0,0.0
-128104285512611060-2608090250-11,7284,2608090315,2608090315,3,,S,S2,Stuttgart Hbf|Stuttgart-Bad Cannstatt|Stuttgart Nürnberger Str.|Stuttgart-Sommerrain|Fellbach|Waiblingen|Rommelshausen|Stetten-Beinstein|Endersbach|Beutelsbach,8002448,Grunbach,Baden-Württemberg,Remshalden,73630,9.419580601,48.810414,4,2608090315,,2608090315,,h,1,Bauarbeiten,,,,,,,0.0,0.0
-1669766330763761732-2608090303-5,7287,2608090312,2608090313,2,,S,S2,Schorndorf|Weiler(Rems)|Winterbach(b Schorndorf)|Geradstetten,8002448,Grunbach,Baden-Württemberg,Remshalden,73630,9.419580601,48.810414,4,2608090313,,2608090314,,h,1,Bauarbeiten,,,,,c,c,1.0,1.0
4924725122224181772-2608090316-1,7786,,2608090316,,,S,S1,,8002785,Herrenberg,Baden-Württemberg,Herrenberg,71083,8.862625253,48.59395697,3,,,2608090316,,,,,,,,,,,0.0,0.0
7221858954251069067-2608090351-1,22896,,2608090351,,,RB,RB63,,8002785,Herrenberg,Baden-Württemberg,Herrenberg,71083,8.862625253,48.59395697,3,,,2608090351,,h,2,Information,,,,,,,0.0,0.0
7308720112473182059-2608090306-10,22707,2608090332,,102,,RB,,Tübingen Hbf|Tübingen West|Unterjesingen Sandäcker|Unterjesingen Mitte|Pfäffingen|Entringen|Altingen(Württ)|Gültstein|Herrenberg Zwerchweg,8002785,Herrenberg,Baden-Württemberg,Herrenberg,71083,8.862625253,48.59395697,3,2608090332,,,,h,2,Information,,,,,,,0.0,0.0
-931454936836517219-2608090316-9,7785,2608090345,,3,,S,,Stuttgart-Vaihingen|Stuttgart-Rohr|Goldberg(Württ)|Böblingen|Hulb|Ehningen(b Böblingen)|Gärtringen|Nufringen,8002785,Herrenberg,Baden-Württemberg,Herrenberg,71083,8.862625253,48.59395697,3,2608090345,2,,,,,,,,,,,,0.0,0.0
-2477240971651107566-2608090317-9,7684,2608090339,2608090339,2,,S,S6,Stuttgart Hbf|Stuttgart Nordbahnhof|Stuttgart-Feuerbach|Stuttgart-Zuffenhausen|Neuwirtshaus(Porscheplatz)|Korntal|Weilimdorf|Ditzingen,8002892,Höfingen,Baden-Württemberg,Leonberg,71229,9.026180834,48.81503436,5,2608090339,,2608090340,,,,,,,,,,,0.0,1.0
3204868192877518802-2608090303-6,7685,2608090320,2608090321,1,,S,S6,Weil der Stadt|Malmsheim|Renningen|Rutesheim|Leonberg,8002892,Höfingen,Baden-Württemberg,Leonberg,71229,9.026180834,48.81503436,5,2608090323,,2608090324,,,,,,,,,,,3.0,3.0
4924725122224181772-2608090316-5,7786,2608090328,2608090328,2,,S,S1,Herrenberg|Nufringen|Gärtringen|Ehningen(b Böblingen),8003022,Hulb,Baden-Württemberg,Böblingen-Hulb,71032,8.982396429,48.67924173,5,2608090328,,2608090329,,,,,,,,,,,0.0,1.0
-931454936836517219-2608090316-5,7785,2608090332,2608090332,1,,S,S1,Stuttgart-Vaihingen|Stuttgart-Rohr|Goldberg(Württ)|Böblingen,8003022,Hulb,Baden-Württemberg,Böblingen-Hulb,71032,8.982396429,48.67924173,5,2608090333,,2608090333,,,,,,,,,,,1.0,1.0
-2673665451281248728-2608090335-7,7987,2608090357,,1,,S,,Stuttgart-Vaihingen|Stuttgart-Rohr|Oberaichen|Leinfelden|Echterdingen|Stuttgart Flughafen/Messe,8001984,Filderstadt,Baden-Württemberg,Filderstadt,70794,9.217581315,48.67649151,5,2608090357,,,,,,,,,,,,,0.0,0.0
-6273536954068750043-2608090303-1,7984,,2608090303,,,S,S2,,8001984,Filderstadt,Baden-Württemberg,Filderstadt,70794,9.217581315,48.67649151,5,,,2608090305,,,,,,,,,,,0.0,2.0
-7438159880208752554-2608090255-15,7184,2608090339,,2,,S,,Stuttgart Hbf|Stuttgart-Bad Cannstatt|Stuttgart Neckarpark|Stuttgart-Untertürkheim|Stuttgart-Obertürkheim|Esslingen-Mettingen|Esslingen(Neckar)|Oberesslingen|Esslingen-Zell|Altbach|Plochingen|Wernau(Neckar)|Wendlingen(Neckar)|Kirchheim(Teck)-Ötlingen,8003280,Kirchheim (Teck),Baden-Württemberg,Kirchheim unter Teck,73230,9.443872422,48.64415981,4,2608090340,,,,,,,,,,,,,1.0,0.0
3001416332213376097-2608090320-1,7187,,2608090320,,,S,S1,,8003280,Kirchheim (Teck),Baden-Württemberg,Kirchheim unter Teck,73230,9.443872422,48.64415981,4,,,2608090321,,,,,,,,,,,0.0,1.0
-7438159880208752554-2608090255-14,7184,2608090336,2608090337,1,,S,S1,Stuttgart Hbf|Stuttgart-Bad Cannstatt|Stuttgart Neckarpark|Stuttgart-Untertürkheim|Stuttgart-Obertürkheim|Esslingen-Mettingen|Esslingen(Neckar)|Oberesslingen|Esslingen-Zell|Altbach|Plochingen|Wernau(Neckar)|Wendlingen(Neckar),8003282,Kirchheim (Teck)-Ötlingen,Baden-Württemberg,Kirchheim unter Teck,73230,9.416261302,48.65782388,5,2608090338,,2608090338,,,,,,,,,,,2.0,1.0
3001416332213376097-2608090320-2,7187,2608090323,2608090323,1,,S,S1,Kirchheim(Teck),8003282,Kirchheim (Teck)-Ötlingen,Baden-Württemberg,Kirchheim unter Teck,73230,9.416261302,48.65782388,5,2608090323,,2608090323,,,,,,,,,,,0.0,0.0
-2477240971651107566-2608090317-6,7684,2608090331,2608090331,1,,S,S6,Stuttgart Hbf|Stuttgart Nordbahnhof|Stuttgart-Feuerbach|Stuttgart-Zuffenhausen|Neuwirtshaus(Porscheplatz),8003409,Korntal,Baden-Württemberg,Korntal,70825,9.121099128,48.82640246,4,2608090331,,2608090332,,,,,,,,,,,0.0,1.0
3204868192877518802-2608090303-9,7685,2608090328,2608090329,3,,S,S6,Weil der Stadt|Malmsheim|Renningen|Rutesheim|Leonberg|Höfingen|Ditzingen|Weilimdorf,8003409,Korntal,Baden-Württemberg,Korntal,70825,9.121099128,48.82640246,4,2608090331,,2608090332,,,,,,,,,,,3.0,3.0
8199706342352374014-2608090307-5,7482,2608090320,2608090320,4,,S,S4,Stuttgart Hbf|Stuttgart Nordbahnhof|Stuttgart-Feuerbach|Stuttgart-Zuffenhausen,8003411,Kornwestheim Pbf,Baden-Württemberg,Kornwestheim,70806,9.179967278,48.86215948,3,2608090320,,2608090320,,h,1,Bauarbeiten,,,,,,,0.0,0.0
1121323544050799580-2608090325-6,7485,2608090340,2608090340,3,,S,S4,Marbach(Neckar)|Benningen(Neckar)|Freiberg(Neckar)|Favoritepark|Ludwigsburg,8003411,Kornwestheim Pbf,Baden-Württemberg,Kornwestheim,70806,9.179967278,48.86215948,3,2608090340,,2608090340,,h,1,Bauarbeiten,,,,,,,0.0,0.0
-7787240854755392241-2608090327-5,7586,2608090340,2608090340,4,,S,S5,Stuttgart Hbf|Stuttgart Nordbahnhof|Stuttgart-Feuerbach|Stuttgart-Zuffenhausen,8003411,Kornwestheim Pbf,Baden-Württemberg,Kornwestheim,70806,9.179967278,48.86215948,3,2608090357,,2608090358,,,,,,,,,,,17.0,18.0
-7572214224253311572-2608090307-5,7585,2608090319,2608090320,3,,S,S5,Bietigheim-Bissingen|Tamm(Württ)|Asperg|Ludwigsburg,8003411,Kornwestheim Pbf,Baden-Württemberg,Kornwestheim,70806,9.179967278,48.86215948,3,2608090321,,2608090321,,,,,,,,,,,2.0,1.0
-2673665451281248728-2608090335-4,7987,2608090346,2608090347,1,,S,S2,Stuttgart-Vaihingen|Stuttgart-Rohr|Oberaichen,8003622,Leinfelden,Baden-Württemberg,Leinfelden-Echterdingen,70771,9.142859698,48.6964193,4,2608090346,,2608090347,,,,,,,,,,,0.0,0.0
-6273536954068750043-2608090303-4,7984,2608090312,2608090313,2,,S,S2,Filderstadt|Stuttgart Flughafen/Messe|Echterdingen,8003622,Leinfelden,Baden-Württemberg,Leinfelden-Echterdingen,70771,9.142859698,48.6964193,4,2608090313,,2608090315,,,,,,,,,,,1.0,2.0
-2477240971651107566-2608090317-10,7684,2608090343,2608090343,2,,S,S6,Stuttgart Hbf|Stuttgart Nordbahnhof|Stuttgart-Feuerbach|Stuttgart-Zuffenhausen|Neuwirtshaus(Porscheplatz)|Korntal|Weilimdorf|Ditzingen|Höfingen,8003652,Leonberg,Baden-Württemberg,Leonberg,71229,9.004025993,48.79970547,3,2608090343,,2608090344,,,,,,,,,,,0.0,1.0
3204868192877518802-2608090303-5,7685,2608090317,2608090317,1,,S,S6,Weil der Stadt|Malmsheim|Renningen|Rutesheim,8003652,Leonberg,Baden-Württemberg,Leonberg,71229,9.004025993,48.79970547,3,2608090319,3,2608090319,3,,,,,,,,,,2.0,2.0
8199706342352374014-2608090307-6,7482,2608090323,2608090324,2,,S,S4,Stuttgart Hbf|Stuttgart Nordbahnhof|Stuttgart-Feuerbach|Stuttgart-Zuffenhausen|Kornwestheim Pbf,8000235,Ludwigsburg,Baden-Württemberg,Ludwigsburg,71638,9.185229823,48.89208622,3,2608090323,,2608090324,,h,1,Bauarbeiten,,,,,,,0.0,0.0
-4197316340764410909-2608090311-8,19201,2608090344,2608090345,4,,RE,MEX12,Heilbronn Hbf|Nordheim(Württ)|Lauffen(Neckar)|Kirchheim(Neckar)|Walheim(Württ)|Besigheim|Bietigheim-Bissingen,8000235,Ludwigsburg,Baden-Württemberg,Ludwigsburg,71638,9.185229823,48.89208622,3,2608090344,,2608090345,,h,2,Bauarbeiten,,,,,,,0.0,0.0
8960201395561176286-2608090329-6,19539,2608090349,2608090350,4,,RE,MEX17,Vaihingen(Enz)|Sersheim|Sachsenheim|Ellental|Bietigheim-Bissingen,8000235,Ludwigsburg,Baden-Württemberg,Ludwigsburg,71638,9.185229823,48.89208622,3,2608090349,,2608090350,,,,,,,,,,,0.0,0.0
1121323544050799580-2608090325-5,7485,2608090336,2608090337,3,,S,S4,Marbach(Neckar)|Benningen(Neckar)|Freiberg(Neckar)|Favoritepark,8000235,Ludwigsburg,Baden-Württemberg,Ludwigsburg,71638,9.185229823,48.89208622,3,2608090336,,2608090337,,h,1,Bauarbeiten,,,,,,,0.0,0.0
-7787240854755392241-2608090327-6,7586,2608090343,2608090344,2,,S,S5,Stuttgart Hbf|Stuttgart Nordbahnhof|Stuttgart-Feuerbach|Stuttgart-Zuffenhausen|Kornwestheim Pbf,8000235,Ludwigsburg,Baden-Württemberg,Ludwigsburg,71638,9.185229823,48.89208622,3,2608090401,,2608090401,,,,,,,,,,,18.0,17.0
-7572214224253311572-2608090307-4,7585,2608090316,2608090316,3,,S,S5,Bietigheim-Bissingen|Tamm(Württ)|Asperg,8000235,Ludwigsburg,Baden-Württemberg,Ludwigsburg,71638,9.185229823,48.89208622,3,2608090317,,2608090318,,,,,,,,,,,1.0,2.0
-2477240971651107566-2608090317-13,7684,2608090354,2608090354,1,,S,S6,Stuttgart Hbf|Stuttgart Nordbahnhof|Stuttgart-Feuerbach|Stuttgart-Zuffenhausen|Neuwirtshaus(Porscheplatz)|Korntal|Weilimdorf|Ditzingen|Höfingen|Leonberg|Rutesheim|Renningen,8003831,Malmsheim,Baden-Württemberg,Renningen,71272,8.905105557,48.77183564,5,2608090355,,2608090355,,,,,,,,,,,1.0,1.0
3204868192877518802-2608090303-2,7685,2608090305,2608090305,2,,S,S6,Weil der Stadt,8003831,Malmsheim,Baden-Württemberg,Renningen,71272,8.905105557,48.77183564,5,2608090306,,2608090306,,,,,,,,,,,1.0,1.0
8199706342352374014-2608090307-10,7482,2608090335,,1,,S,,Stuttgart Hbf|Stuttgart Nordbahnhof|Stuttgart-Feuerbach|Stuttgart-Zuffenhausen|Kornwestheim Pbf|Ludwigsburg|Favoritepark|Freiberg(Neckar)|Benningen(Neckar),8003853,Marbach (Neckar),Baden-Württemberg,Marbach am Neckar,71672,9.264611825,48.9437708,3,2608090335,,,,h,1,Bauarbeiten,,,,,,,0.0,0.0
1121323544050799580-2608090325-1,7485,,2608090325,,,S,S4,,8003853,Marbach (Neckar),Baden-Württemberg,Marbach am Neckar,71672,9.264611825,48.9437708,3,,,2608090326,,h,1,Bauarbeiten,,,,,,,0.0,1.0
5699756456223548979-2608090311-2,7385,2608090313,2608090314,1,,S,S3,Backnang,8003913,Maubach,Baden-Württemberg,Backnang,71522,9.419487062,48.92623463,4,2608090314,,2608090315,,,,,,,,,,,1.0,1.0
5829267772153100792-2608090312-11,7384,2608090344,2608090345,2,,S,S3,Stuttgart Hbf|Stuttgart-Bad Cannstatt|Stuttgart Nürnberger Str.|Stuttgart-Sommerrain|Fellbach|Waiblingen|Neustadt-Hohenacker|Schwaikheim|Winnenden|Nellmersbach,8003913,Maubach,Baden-Württemberg,Backnang,71522,9.419487062,48.92623463,4,2608090344,,2608090345,,,,,,,,,,,0.0,0.0
5699756456223548979-2608090311-3,7385,2608090316,2608090316,1,,S,S3,Backnang|Maubach,8004233,Nellmersbach,Baden-Württemberg,Leutenbach,71397,9.415421538,48.90336425,5,2608090316,,2608090317,,,,,,,,,,,0.0,1.0
5829267772153100792-2608090312-10,7384,2608090341,2608090342,2,,S,S3,Stuttgart Hbf|Stuttgart-Bad Cannstatt|Stuttgart Nürnberger Str.|Stuttgart-Sommerrain|Fellbach|Waiblingen|Neustadt-Hohenacker|Schwaikheim|Winnenden,8004233,Nellmersbach,Baden-Württemberg,Leutenbach,71397,9.415421538,48.90336425,5,2608090341,,2608090342,,,,,,,,,,,0.0,0.0
5699756456223548979-2608090311-6,7385,2608090325,2608090325,2,,S,S3,Backnang|Maubach|Nellmersbach|Winnenden|Schwaikheim,8004333,Neustadt-Hohenacker,Baden-Württemberg,Waiblingen,71336,9.32455106,48.85921668,5,2608090325,,2608090326,,,,,,,,,,,0.0,1.0
5829267772153100792-2608090312-7,7384,2608090333,2608090333,1,,S,S3,Stuttgart Hbf|Stuttgart-Bad Cannstatt|Stuttgart Nürnberger Str.|Stuttgart-Sommerrain|Fellbach|Waiblingen,8004333,Neustadt-Hohenacker,Baden-Württemberg,Waiblingen,71336,9.32455106,48.85921668,5,2608090333,,2608090334,,,,,,,,,,,0.0,1.0
-2477240971651107566-2608090317-5,7684,2608090328,2608090329,1,,S,S6,Stuttgart Hbf|Stuttgart Nordbahnhof|Stuttgart-Feuerbach|Stuttgart-Zuffenhausen,8004338,Neuwirtshaus (Porscheplatz),Baden-Württemberg,Stuttgart,70435,9.151955614,48.83384734,4,2608090328,,2608090329,,,,,,,,,,,0.0,0.0
3204868192877518802-2608090303-10,7685,2608090331,2608090331,2,,S,S6,Weil der Stadt|Malmsheim|Renningen|Rutesheim|Leonberg|Höfingen|Ditzingen|Weilimdorf|Korntal,8004338,Neuwirtshaus (Porscheplatz),Baden-Württemberg,Stuttgart,70435,9.151955614,48.83384734,4,2608090334,,2608090335,,,,,,,,,,,3.0,4.0
4924725122224181772-2608090316-2,7786,2608090319,2608090319,2,,S,S1,Herrenberg,8004490,Nufringen,Baden-Württemberg,Nufringen,71154,8.889817485,48.62010967,5,2608090319,,2608090320,,,,,,,,,,,0.0,1.0
-931454936836517219-2608090316-8,7785,2608090341,2608090341,1,,S,S1,Stuttgart-Vaihingen|Stuttgart-Rohr|Goldberg(Württ)|Böblingen|Hulb|Ehningen(b Böblingen)|Gärtringen,8004490,Nufringen,Baden-Württemberg,Nufringen,71154,8.889817485,48.62010967,5,2608090341,,2608090341,,,,,,,,,,,0.0,0.0
-2673665451281248728-2608090335-3,7987,2608090344,2608090344,1,,S,S2,Stuttgart-Vaihingen|Stuttgart-Rohr,8004496,Oberaichen,Baden-Württemberg,Leinfelden-Echterdingen,70771,9.12743664,48.70512422,5,2608090344,,2608090344,,,,,,,,,,,0.0,0.0
-6273536954068750043-2608090303-5,7984,2608090315,2608090315,2,,S,S2,Filderstadt|Stuttgart Flughafen/Messe|Echterdingen|Leinfelden,8004496,Oberaichen,Baden-Württemberg,Leinfelden-Echterdingen,70771,9.12743664,48.70512422,5,2608090316,,2608090316,,,,,,,,,,,1.0,1.0
-7438159880208752554-2608090255-8,7184,2608090315,2608090315,4,,S,S1,Stuttgart Hbf|Stuttgart-Bad Cannstatt|Stuttgart Neckarpark|Stuttgart-Untertürkheim|Stuttgart-Obertürkheim|Esslingen-Mettingen|Esslingen(Neckar),8004528,Oberesslingen,Baden-Württemberg,Esslingen am Neckar,73730,9.327277435,48.72983585,3,2608090315,,2608090315,,,,,,,,,,,0.0,0.0
3001416332213376097-2608090320-8,7187,2608090344,2608090345,3,,S,S1,Kirchheim(Teck)|Kirchheim(Teck)-Ötlingen|Wendlingen(Neckar)|Wernau(Neckar)|Plochingen|Altbach|Esslingen-Zell,8004528,Oberesslingen,Baden-Württemberg,Esslingen am Neckar,73730,9.327277435,48.72983585,3,2608090344,,2608090345,,,,,,,,,,,0.0,0.0
24002771116129609-2608090317-13,19106,2608090356,2608090357,1,,ARV,16,Geislingen(Steige)|Geislingen(Steige)West|Kuchen|Gingen(Fils)|Süßen|Salach|Eislingen(Fils)|Göppingen|Faurndau|Uhingen|Ebersbach(Fils)|Reichenbach(Fils),8000302,Plochingen,Baden-Württemberg,Plochingen,73207,9.411294578,48.71293906,2,2608090357,,2608090358,,,,,,,,,,,1.0,1.0
4908503792038436808-2608090345-1,19200,,2608090345,,,RE,MEX12,,8000302,Plochingen,Baden-Württemberg,Plochingen,73207,9.411294578,48.71293906,2,,,2608090345,7,h,2,Bauarbeiten,,,,,,,0.0,0.0
-7880402890343407508-2608090242-4,19105,2608090300,2608090300,4,,ARV,16,Stuttgart Hbf|Stuttgart-Bad Cannstatt|Esslingen(Neckar),8000302,Plochingen,Baden-Württemberg,Plochingen,73207,9.411294578,48.71293906,2,2608090301,,2608090302,,,,,,,,,,,1.0,2.0
-7438159880208752554-2608090255-11,7184,2608090323,2608090325,10,,S,S1,Stuttgart Hbf|Stuttgart-Bad Cannstatt|Stuttgart Neckarpark|Stuttgart-Untertürkheim|Stuttgart-Obertürkheim|Esslingen-Mettingen|Esslingen(Neckar)|Oberesslingen|Esslingen-Zell|Altbach,8000302,Plochingen,Baden-Württemberg,Plochingen,73207,9.411294578,48.71293906,2,2608090323,,2608090325,,,,,,,,,,,0.0,0.0
3001416332213376097-2608090320-5,7187,2608090335,2608090337,9,,S,S1,Kirchheim(Teck)|Kirchheim(Teck)-Ötlingen|Wendlingen(Neckar)|Wernau(Neckar),8000302,Plochingen,Baden-Württemberg,Plochingen,73207,9.411294578,48.71293906,2,2608090335,,2608090337,,,,,,,,,,,0.0,0.0
-2477240971651107566-2608090317-12,7684,2608090349,2608090352,3,,S,S6,Stuttgart Hbf|Stuttgart Nordbahnhof|Stuttgart-Feuerbach|Stuttgart-Zuffenhausen|Neuwirtshaus(Porscheplatz)|Korntal|Weilimdorf|Ditzingen|Höfingen|Leonberg|Rutesheim,8000313,Renningen,Baden-Württemberg,Renningen,71272,8.932650148,48.77515509,3,2608090349,,2608090353,,,,,,,,,,,0.0,1.0
-2550013693403130632-2608090334-7,7085,2608090350,,2,,S,,Böblingen|Sindelfingen|Maichingen|Maichingen Nord|Magstadt|Renningen Süd,8000313,Renningen,Baden-Württemberg,Renningen,71272,8.932650148,48.77515509,3,2608090352,,,,,,,,,,,,,2.0,0.0
3204868192877518802-2608090303-3,7685,2608090307,2608090311,2,,S,S6,Weil der Stadt|Malmsheim,8000313,Renningen,Baden-Württemberg,Renningen,71272,8.932650148,48.77515509,3,2608090308,,2608090311,,,,,,,,,,,1.0,0.0
-5446958204228846804-2608090309-1,7084,,2608090309,,,S,S60,,8000313,Renningen,Baden-Württemberg,Renningen,71272,8.932650148,48.77515509,3,,,2608090309,,,,,,,,,,,0.0,0.0
-128104285512611060-2608090250-7,7284,2608090307,2608090307,1,,S,S2,Stuttgart Hbf|Stuttgart-Bad Cannstatt|Stuttgart Nürnberger Str.|Stuttgart-Sommerrain|Fellbach|Waiblingen,8005157,Rommelshausen,Baden-Württemberg,Kernen,71394,9.319175885,48.81552017,4,2608090307,,2608090307,,h,1,Bauarbeiten,,,,,,,0.0,0.0
-1669766330763761732-2608090303-9,7287,2608090321,2608090322,2,,S,S2,Schorndorf|Weiler(Rems)|Winterbach(b Schorndorf)|Geradstetten|Grunbach|Beutelsbach|Endersbach|Stetten-Beinstein,8005157,Rommelshausen,Baden-Württemberg,Kernen,71394,9.319175885,48.81552017,4,2608090321,,2608090322,,h,1,Bauarbeiten,,,,,c,c,0.0,0.0
-2477240971651107566-2608090317-11,7684,2608090346,2608090346,2,,S,S6,Stuttgart Hbf|Stuttgart Nordbahnhof|Stuttgart-Feuerbach|Stuttgart-Zuffenhausen|Neuwirtshaus(Porscheplatz)|Korntal|Weilimdorf|Ditzingen|Höfingen|Leonberg,8005236,Rutesheim,Baden-Württemberg,Leonberg,71229,8.960325242,48.79031093,5,2608090347,,2608090348,,,,,,,,,,,1.0,2.0
3204868192877518802-2608090303-4,7685,2608090313,2608090314,1,,S,S6,Weil der Stadt|Malmsheim|Renningen,8005236,Rutesheim,Baden-Württemberg,Leonberg,71229,8.960325242,48.79031093,5,2608090314,,2608090314,,,,,,,,,,,1.0,0.0
9222054265466378902-2608090320-4,19403,2608090343,2608090344,2,,ARV,13,Stuttgart Hbf|Stuttgart-Bad Cannstatt|Waiblingen,8005424,Schorndorf,Baden-Württemberg,Schorndorf,73614,9.525686251,48.80693898,3,2608090343,,2608090344,,,,,,,,,,,0.0,0.0
4610580799876874252-2608090256-6,19402,2608090314,2608090314,3,,ARV,13,Schwäbisch Gmünd|Lorch(Württ)|Waldhausen(b Schorndorf)|Plüderhausen|Urbach(b Schorndorf),8005424,Schorndorf,Baden-Württemberg,Schorndorf,73614,9.525686251,48.80693898,3,2608090314,,2608090315,,,,,,,,,,,0.0,1.0
-128104285512611060-2608090250-15,7284,2608090325,,14,,S,,Stuttgart Hbf|Stuttgart-Bad Cannstatt|Stuttgart Nürnberger Str.|Stuttgart-Sommerrain|Fellbach|Waiblingen|Rommelshausen|Stetten-Beinstein|Endersbach|Beutelsbach|Grunbach|Geradstetten|Winterbach(b Schorndorf)|Weiler(Rems),8005424,Schorndorf,Baden-Württemberg,Schorndorf,73614,9.525686251,48.80693898,3,2608090324,,,,h,1,Bauarbeiten,,,,,,,-1.0,0.0
-1669766330763761732-2608090303-1,7287,,2608090303,,,S,S2,,8005424,Schorndorf,Baden-Württemberg,Schorndorf,73614,9.525686251,48.80693898,3,,,2608090303,,h,1,Bauarbeiten,,,,,,c,0.0,0.0
5699756456223548979-2608090311-5,7385,2608090322,2608090323,1,,S,S3,Backnang|Maubach|Nellmersbach|Winnenden,8005454,Schwaikheim,Baden-Württemberg,Schwaikheim,71409,9.354747358,48.86832665,4,2608090323,,2608090324,,,,,,,,,,,1.0,1.0
5829267772153100792-2608090312-8,7384,2608090336,2608090336,2,,S,S3,Stuttgart Hbf|Stuttgart-Bad Cannstatt|Stuttgart Nürnberger Str.|Stuttgart-Sommerrain|Fellbach|Waiblingen|Neustadt-Hohenacker,8005454,Schwaikheim,Baden-Württemberg,Schwaikheim,71409,9.354747358,48.86832665,4,2608090336,,2608090337,,,,,,,,,,,0.0,1.0
-2550013693403130632-2608090334-2,7085,2608090336,2608090337,1,,S,S60,Böblingen,8005574,Sindelfingen,Baden-Württemberg,Sindelfingen,71063,8.999262079,48.70387346,6,2608090338,,2608090338,,,,,,,,,,,2.0,1.0
-5446958204228846804-2608090309-6,7084,2608090322,2608090323,1,,S,S60,Renningen|Renningen Süd|Magstadt|Maichingen Nord|Maichingen,8005574,Sindelfingen,Baden-Württemberg,Sindelfingen,71063,8.999262079,48.70387346,6,2608090322,,2608090323,,,,,,,,,,,0.0,0.0
-128104285512611060-2608090250-8,7284,2608090309,2608090309,1,,S,S2,Stuttgart Hbf|Stuttgart-Bad Cannstatt|Stuttgart Nürnberger Str.|Stuttgart-Sommerrain|Fellbach|Waiblingen|Rommelshausen,8005726,Stetten-Beinstein,Baden-Württemberg,Weinstadt,71384,9.352769725,48.81199601,5,2608090309,,2608090309,,h,1,Bauarbeiten,,,,,,,0.0,0.0
-1669766330763761732-2608090303-8,7287,2608090319,2608090319,2,,S,S2,Schorndorf|Weiler(Rems)|Winterbach(b Schorndorf)|Geradstetten|Grunbach|Beutelsbach|Endersbach,8005726,Stetten-Beinstein,Baden-Württemberg,Weinstadt,71384,9.352769725,48.81199601,5,2608090319,,2608090319,,h,1,Bauarbeiten,,,,,c,c,0.0,0.0
8199706342352374014-2608090307-1,7482,,2608090307,,,S,S4,,8000096,Stuttgart Hbf,Baden-Württemberg,Stuttgart,70173,9.183172973,48.78473069,1,,,2608090307,,h,1,Bauarbeiten,,,,,,,0.0,0.0
-3680974359523044069-2608090327-1,17505,,2608090327,,,RB,MEX90,,8000096,Stuttgart Hbf,Baden-Württemberg,Stuttgart,70173,9.183172973,48.78473069,1,,,2608090327,,h,1,Störung,,,,,,,0.0,0.0
-4197316340764410909-2608090311-9,19201,2608090355,2608090408,15,,RE,MEX12,Heilbronn Hbf|Nordheim(Württ)|Lauffen(Neckar)|Kirchheim(Neckar)|Walheim(Württ)|Besigheim|Bietigheim-Bissingen|Ludwigsburg,8000096,Stuttgart Hbf,Baden-Württemberg,Stuttgart,70173,9.183172973,48.78473069,1,2608090355,,2608090408,,h,2,Bauarbeiten,,,,,,,0.0,0.0
-44137162041026138-2608090350-1,7286,,2608090350,,,S,S2,,8000096,Stuttgart Hbf,Baden-Württemberg,Stuttgart,70173,9.183172973,48.78473069,1,,,2608090358,6,h,1,Bauarbeiten,,,,,,,0.0,8.0
-3853709709212806878-2608090217-16,19104,2608090316,,13,,ARV,,Geislingen(Steige)|Geislingen(Steige)West|Kuchen|Gingen(Fils)|Süßen|Salach|Eislingen(Fils)|Göppingen|Faurndau|Uhingen|Ebersbach(Fils)|Reichenbach(Fils)|Plochingen|Esslingen(Neckar)|Stuttgart-Bad Cannstatt,8000096,Stuttgart Hbf,Baden-Württemberg,Stuttgart,70173,9.183172973,48.78473069,1,2608090316,14,,,,,,,,,,,,0.0,0.0
9222054265466378902-2608090320-1,19403,,2608090320,,,ARV,13,,8000096,Stuttgart Hbf,Baden-Württemberg,Stuttgart,70173,9.183172973,48.78473069,1,,,2608090320,13,,,,,,,,,,0.0,0.0
-75170759467778659-2608090220-15,7185,2608090305,,4,,S,,Kirchheim(Teck)|Kirchheim(Teck)-Ötlingen|Wendlingen(Neckar)|Wernau(Neckar)|Plochingen|Altbach|Esslingen-Zell|Oberesslingen|Esslingen(Neckar)|Esslingen-Mettingen|Stuttgart-Obertürkheim|Stuttgart-Untertürkheim|Stuttgart Neckarpark|Stuttgart-Bad Cannstatt,8000096,Stuttgart Hbf,Baden-Württemberg,Stuttgart,70173,9.183172973,48.78473069,1,2608090305,,,,,,,,,,,,,0.0,0.0
-2477240971651107566-2608090317-1,7684,,2608090317,,,S,S6,,8000096,Stuttgart Hbf,Baden-Württemberg,Stuttgart,70173,9.183172973,48.78473069,1,,,2608090317,2,,,,,,,,,,0.0,0.0
5699756456223548979-2608090311-12,7385,2608090347,,4,,S,,Backnang|Maubach|Nellmersbach|Winnenden|Schwaikheim|Neustadt-Hohenacker|Waiblingen|Fellbach|Stuttgart-Sommerrain|Stuttgart Nürnberger Str.|Stuttgart-Bad Cannstatt,8000096,Stuttgart Hbf,Baden-Württemberg,Stuttgart,70173,9.183172973,48.78473069,1,2608090346,,,,,,,,,,,,,-1.0,0.0
5829267772153100792-2608090312-1,7384,,2608090312,,,S,S3,,8000096,Stuttgart Hbf,Baden-Württemberg,Stuttgart,70173,9.183172973,48.78473069,1,,,2608090312,,,,,,,,,,,0.0,0.0
1121323544050799580-2608090325-10,7485,2608090355,,3,,S,,Marbach(Neckar)|Benningen(Neckar)|Freiberg(Neckar)|Favoritepark|Ludwigsburg|Kornwestheim Pbf|Stuttgart-Zuffenhausen|Stuttgart-Feuerbach|Stuttgart Nordbahnhof,8000096,Stuttgart Hbf,Baden-Württemberg,Stuttgart,70173,9.183172973,48.78473069,1,2608090355,,,,h,1,Bauarbeiten,,,,,,,0.0,0.0
3968719745172971272-2608090013-7,11943,2608090300,,6,,SVG,,Konstanz|Singen(Hohentwiel)|Tuttlingen|Rottweil|Horb|Böblingen,8000096,Stuttgart Hbf,Baden-Württemberg,Stuttgart,70173,9.183172973,48.78473069,1,2608090300,,,,,,,,,,,,,0.0,0.0
-7787240854755392241-2608090327-1,7586,,2608090327,,,S,S5,,8000096,Stuttgart Hbf,Baden-Württemberg,Stuttgart,70173,9.183172973,48.78473069,1,,,2608090346,,,,,,,,,,,0.0,19.0
3204868192877518802-2608090303-14,7685,2608090345,,1,,S,,Weil der Stadt|Malmsheim|Renningen|Rutesheim|Leonberg|Höfingen|Ditzingen|Weilimdorf|Korntal|Neuwirtshaus(Porscheplatz)|Stuttgart-Zuffenhausen|Stuttgart-Feuerbach|Stuttgart Nordbahnhof,8000096,Stuttgart Hbf,Baden-Württemberg,Stuttgart,70173,9.183172973,48.78473069,1,2608090345,,,,,,,,,,,,,0.0,0.0
4610580799876874252-2608090256-9,19402,2608090339,,11,,ARV,,Schwäbisch Gmünd|Lorch(Württ)|Waldhausen(b Schorndorf)|Plüderhausen|Urbach(b Schorndorf)|Schorndorf|Waiblingen|Stuttgart-Bad Cannstatt,8000096,Stuttgart Hbf,Baden-Württemberg,Stuttgart,70173,9.183172973,48.78473069,1,2608090340,,,,,,,,,,,,,1.0,0.0
-7572214224253311572-2608090307-9,7585,2608090335,,2,,S,,Bietigheim-Bissingen|Tamm(Württ)|Asperg|Ludwigsburg|Kornwestheim Pbf|Stuttgart-Zuffenhausen|Stuttgart-Feuerbach|Stuttgart Nordbahnhof,8000096,Stuttgart Hbf,Baden-Württemberg,Stuttgart,70173,9.183172973,48.78473069,1,2608090335,5,,,,,,,,,,,,0.0,0.0
-1696482145472978640-2608081945-17,619,2608090330,2608090336,16,,ICE,,Hamburg Hbf|Hamburg-Harburg|Bremen Hbf|Osnabrück Hbf|Münster(Westf)Hbf|Dortmund Hbf|Bochum Hbf|Essen Hbf|Duisburg Hbf|Düsseldorf Hbf|Köln Messe/Deutz Gl.11-12|Siegburg/Bonn|Frankfurt(M) Flughafen Fernbf|Frankfurt(Main)Hbf|Mannheim Hbf|Heidelberg Hbf,8000096,Stuttgart Hbf,Baden-Württemberg,Stuttgart,70173,9.183172973,48.78473069,1,2608090525,,2608090530,,h,3,Information,,,Hamburg Hbf|Hamburg-Harburg|Bremen Hbf|Osnabrück Hbf|Münster(Westf)Hbf|Dortmund Hbf|Bochum Hbf|Essen Hbf|Duisburg Hbf|Düsseldorf Hbf|Köln Messe/Deutz Gl.11-12|Siegburg/Bonn|Frankfurt(M) Flughafen Fernbf|Frankfurt(Main)Hbf|Mannheim Hbf|Heidelberg Hbf,Ulm Hbf|Günzburg|Augsburg Hbf|München-Pasing|München Hbf,,,115.0,114.0
-5917922007509580995-2608090355-1,7186,,2608090355,,,S,S1,,8000096,Stuttgart Hbf,Baden-Württemberg,Stuttgart,70173,9.183172973,48.78473069,1,,,2608090356,,,,,,,,,,,0.0,1.0
-1669766330763761732-2608090303-15,7287,2608090340,,5,,S,,Schorndorf|Weiler(Rems)|Winterbach(b Schorndorf)|Geradstetten|Grunbach|Beutelsbach|Endersbach|Stetten-Beinstein|Rommelshausen|Waiblingen|Fellbach|Stuttgart-Sommerrain|Stuttgart Nürnberger Str.|Stuttgart-Bad Cannstatt,8000096,Stuttgart Hbf,Baden-Württemberg,Stuttgart,70173,9.183172973,48.78473069,1,2608090350,6,,,h,1,Bauarbeiten,,,,,,,10.0,0.0
2341795462491341556-2608090342-1,19107,,2608090342,,,ARV,16,,8000096,Stuttgart Hbf,Baden-Württemberg,Stuttgart,70173,9.183172973,48.78473069,1,,,2608090342,14,,,,,,,,,,0.0,0.0
-7438159880208752554-2608090255-3,7184,2608090302,2608090302,2,,S,S1,Stuttgart Hbf|Stuttgart-Bad Cannstatt,8006743,Stuttgart Neckarpark,Baden-Württemberg,Stuttgart,70372,9.24106855,48.79194362,4,2608090302,,2608090302,,,,,,,,,,,0.0,0.0
3001416332213376097-2608090320-13,7187,2608090357,2608090357,1,,S,S1,Kirchheim(Teck)|Kirchheim(Teck)-Ötlingen|Wendlingen(Neckar)|Wernau(Neckar)|Plochingen|Altbach|Esslingen-Zell|Oberesslingen|Esslingen(Neckar)|Esslingen-Mettingen|Stuttgart-Obertürkheim|Stuttgart-Untertürkheim,8006743,Stuttgart Neckarpark,Baden-Württemberg,Stuttgart,70372,9.24106855,48.79194362,4,2608090357,,2608090357,,,,,,,,,,,0.0,0.0
8199706342352374014-2608090307-2,7482,2608090310,2608090311,3,,S,S4,Stuttgart Hbf,8005767,Stuttgart Nord,Baden-Württemberg,Stuttgard-Nord,70174,9.188061449,48.80374161,5,2608090310,,2608090312,,h,1,Bauarbeiten,,,,,,,0.0,1.0
-2477240971651107566-2608090317-2,7684,2608090320,2608090322,3,,S,S6,Stuttgart Hbf,8005767,Stuttgart Nord,Baden-Württemberg,Stuttgard-Nord,70174,9.188061449,48.80374161,5,2608090321,,2608090322,,,,,,,,,,,1.0,0.0
1121323544050799580-2608090325-9,7485,2608090349,2608090351,4,,S,S4,Marbach(Neckar)|Benningen(Neckar)|Freiberg(Neckar)|Favoritepark|Ludwigsburg|Kornwestheim Pbf|Stuttgart-Zuffenhausen|Stuttgart-Feuerbach,8005767,Stuttgart Nord,Baden-Württemberg,Stuttgard-Nord,70174,9.188061449,48.80374161,5,2608090349,,2608090351,,h,1,Bauarbeiten,,,,,,,0.0,0.0
-7787240854755392241-2608090327-2,7586,2608090330,2608090331,3,,S,S5,Stuttgart Hbf,8005767,Stuttgart Nord,Baden-Württemberg,Stuttgard-Nord,70174,9.188061449,48.80374161,5,2608090350,,2608090350,,,,,,,,,,,20.0,19.0
3204868192877518802-2608090303-13,7685,2608090339,2608090341,4,,S,S6,Weil der Stadt|Malmsheim|Renningen|Rutesheim|Leonberg|Höfingen|Ditzingen|Weilimdorf|Korntal|Neuwirtshaus(Porscheplatz)|Stuttgart-Zuffenhausen|Stuttgart-Feuerbach,8005767,Stuttgart Nord,Baden-Württemberg,Stuttgard-Nord,70174,9.188061449,48.80374161,5,2608090340,,2608090341,,,,,,,,,,,1.0,0.0
-7572214224253311572-2608090307-8,7585,2608090329,2608090331,4,,S,S5,Bietigheim-Bissingen|Tamm(Württ)|Asperg|Ludwigsburg|Kornwestheim Pbf|Stuttgart-Zuffenhausen|Stuttgart-Feuerbach,8005767,Stuttgart Nord,Baden-Württemberg,Stuttgard-Nord,70174,9.188061449,48.80374161,5,2608090329,,2608090331,,,,,,,,,,,0.0,0.0
-44137162041026138-2608090350-3,7286,2608090357,2608090357,4,,S,S2,Stuttgart Hbf|Stuttgart-Bad Cannstatt,8004357,Stuttgart Nürnberger Straße,Baden-Württemberg,Stuttgart,70374,9.234576905,48.80656062,5,2608090406,,2608090406,,h,1,Bauarbeiten,,,,,,,9.0,9.0
5699756456223548979-2608090311-10,7385,2608090337,2608090338,1,,S,S3,Backnang|Maubach|Nellmersbach|Winnenden|Schwaikheim|Neustadt-Hohenacker|Waiblingen|Fellbach|Stuttgart-Sommerrain,8004357,Stuttgart Nürnberger Straße,Baden-Württemberg,Stuttgart,70374,9.234576905,48.80656062,5,2608090338,,2608090338,,,,,,,,,,,1.0,0.0
5829267772153100792-2608090312-3,7384,2608090322,2608090322,4,,S,S3,Stuttgart Hbf|Stuttgart-Bad Cannstatt,8004357,Stuttgart Nürnberger Straße,Baden-Württemberg,Stuttgart,70374,9.234576905,48.80656062,5,2608090322,,2608090323,,,,,,,,,,,0.0,1.0
-1669766330763761732-2608090303-13,7287,2608090332,2608090333,1,,S,S2,Schorndorf|Weiler(Rems)|Winterbach(b Schorndorf)|Geradstetten|Grunbach|Beutelsbach|Endersbach|Stetten-Beinstein|Rommelshausen|Waiblingen|Fellbach|Stuttgart-Sommerrain,8004357,Stuttgart Nürnberger Straße,Baden-Württemberg,Stuttgart,70374,9.234576905,48.80656062,5,2608090342,,2608090343,,h,1,Bauarbeiten,,,,,,,10.0,10.0
-3680974359523044069-2608090327-2,17505,2608090330,2608090331,7,,RB,MEX90,Stuttgart Hbf,8005769,Stuttgart-Bad Cannstatt,Baden-Württemberg,Stuttgart,70372,9.217468636,48.80127978,3,2608090330,,2608090331,,h,1,Störung,,,,,,,0.0,0.0
-44137162041026138-2608090350-2,7286,2608090354,2608090354,3,,S,S2,Stuttgart Hbf,8005769,Stuttgart-Bad Cannstatt,Baden-Württemberg,Stuttgart,70372,9.217468636,48.80127978,3,2608090403,,2608090403,,h,1,Bauarbeiten,,,,,,,9.0,9.0
-3853709709212806878-2608090217-15,19104,2608090312,2608090312,5,,ARV,16,Geislingen(Steige)|Geislingen(Steige)West|Kuchen|Gingen(Fils)|Süßen|Salach|Eislingen(Fils)|Göppingen|Faurndau|Uhingen|Ebersbach(Fils)|Reichenbach(Fils)|Plochingen|Esslingen(Neckar),8005769,Stuttgart-Bad Cannstatt,Baden-Württemberg,Stuttgart,70372,9.217468636,48.80127978,3,2608090311,,2608090312,,,,,,,,,,,-1.0,0.0
9222054265466378902-2608090320-2,19403,2608090324,2608090325,7,,ARV,13,Stuttgart Hbf,8005769,Stuttgart-Bad Cannstatt,Baden-Württemberg,Stuttgart,70372,9.217468636,48.80127978,3,2608090324,,2608090326,,,,,,,,,,,0.0,1.0
4908503792038436808-2608090345-3,19200,2608090359,2608090400,5,,RE,MEX12,Plochingen|Esslingen(Neckar),8005769,Stuttgart-Bad Cannstatt,Baden-Württemberg,Stuttgart,70372,9.217468636,48.80127978,3,2608090359,,2608090400,,h,2,Bauarbeiten,,,,,,,0.0,0.0
-75170759467778659-2608090220-14,7185,2608090300,2608090301,2,,S,S1,Kirchheim(Teck)|Kirchheim(Teck)-Ötlingen|Wendlingen(Neckar)|Wernau(Neckar)|Plochingen|Altbach|Esslingen-Zell|Oberesslingen|Esslingen(Neckar)|Esslingen-Mettingen|Stuttgart-Obertürkheim|Stuttgart-Untertürkheim|Stuttgart Neckarpark,8005769,Stuttgart-Bad Cannstatt,Baden-Württemberg,Stuttgart,70372,9.217468636,48.80127978,3,2608090300,,2608090301,,,,,,,,,,,0.0,0.0
5699756456223548979-2608090311-11,7385,2608090341,2608090343,2,,S,S3,Backnang|Maubach|Nellmersbach|Winnenden|Schwaikheim|Neustadt-Hohenacker|Waiblingen|Fellbach|Stuttgart-Sommerrain|Stuttgart Nürnberger Str.,8005769,Stuttgart-Bad Cannstatt,Baden-Württemberg,Stuttgart,70372,9.217468636,48.80127978,3,2608090341,,2608090343,,,,,,,,,,,0.0,0.0
5829267772153100792-2608090312-2,7384,2608090316,2608090319,3,,S,S3,Stuttgart Hbf,8005769,Stuttgart-Bad Cannstatt,Baden-Württemberg,Stuttgart,70372,9.217468636,48.80127978,3,2608090316,,2608090319,,,,,,,,,,,0.0,0.0
4610580799876874252-2608090256-8,19402,2608090335,2608090335,6,,ARV,13,Schwäbisch Gmünd|Lorch(Württ)|Waldhausen(b Schorndorf)|Plüderhausen|Urbach(b Schorndorf)|Schorndorf|Waiblingen,8005769,Stuttgart-Bad Cannstatt,Baden-Württemberg,Stuttgart,70372,9.217468636,48.80127978,3,2608090335,,2608090336,,,,,,,,,,,0.0,1.0
-5917922007509580995-2608090355-2,7186,2608090358,2608090359,3,,S,S1,Stuttgart Hbf,8005769,Stuttgart-Bad Cannstatt,Baden-Württemberg,Stuttgart,70372,9.217468636,48.80127978,3,2608090359,,2608090400,,,,,,,,,,,1.0,1.0
-1669766330763761732-2608090303-14,7287,2608090335,2608090336,2,,S,S2,Schorndorf|Weiler(Rems)|Winterbach(b Schorndorf)|Geradstetten|Grunbach|Beutelsbach|Endersbach|Stetten-Beinstein|Rommelshausen|Waiblingen|Fellbach|Stuttgart-Sommerrain|Stuttgart Nürnberger Str.,8005769,Stuttgart-Bad Cannstatt,Baden-Württemberg,Stuttgart,70372,9.217468636,48.80127978,3,2608090346,,2608090346,,h,1,Bauarbeiten,,,,,,,11.0,10.0
2341795462491341556-2608090342-2,19107,2608090345,2608090346,8,,ARV,16,Stuttgart Hbf,8005769,Stuttgart-Bad Cannstatt,Baden-Württemberg,Stuttgart,70372,9.217468636,48.80127978,3,2608090345,,2608090346,,,,,,,,,,,0.0,0.0
8199706342352374014-2608090307-3,7482,2608090313,2608090314,2,,S,S4,Stuttgart Hbf|Stuttgart Nordbahnhof,8005770,Stuttgart-Feuerbach,Baden-Württemberg,Feuerbach,70469,9.169186287,48.81363554,3,2608090313,,2608090314,,h,1,Bauarbeiten,,,,,,,0.0,0.0
-2477240971651107566-2608090317-3,7684,2608090324,2608090324,2,,S,S6,Stuttgart Hbf|Stuttgart Nordbahnhof,8005770,Stuttgart-Feuerbach,Baden-Württemberg,Feuerbach,70469,9.169186287,48.81363554,3,2608090324,,2608090324,,,,,,,,,,,0.0,0.0
1121323544050799580-2608090325-8,7485,2608090346,2608090347,1,,S,S4,Marbach(Neckar)|Benningen(Neckar)|Freiberg(Neckar)|Favoritepark|Ludwigsburg|Kornwestheim Pbf|Stuttgart-Zuffenhausen,8005770,Stuttgart-Feuerbach,Baden-Württemberg,Feuerbach,70469,9.169186287,48.81363554,3,2608090346,,2608090347,,h,1,Bauarbeiten,,,,,,,0.0,0.0
-7787240854755392241-2608090327-3,7586,2608090333,2608090334,2,,S,S5,Stuttgart Hbf|Stuttgart Nordbahnhof,8005770,Stuttgart-Feuerbach,Baden-Württemberg,Feuerbach,70469,9.169186287,48.81363554,3,2608090352,,2608090352,,,,,,,,,,,19.0,18.0
3204868192877518802-2608090303-12,7685,2608090336,2608090336,1,,S,S6,Weil der Stadt|Malmsheim|Renningen|Rutesheim|Leonberg|Höfingen|Ditzingen|Weilimdorf|Korntal|Neuwirtshaus(Porscheplatz)|Stuttgart-Zuffenhausen,8005770,Stuttgart-Feuerbach,Baden-Württemberg,Feuerbach,70469,9.169186287,48.81363554,3,2608090338,,2608090338,,,,,,,,,,,2.0,2.0
-7572214224253311572-2608090307-7,7585,2608090326,2608090326,1,,S,S5,Bietigheim-Bissingen|Tamm(Württ)|Asperg|Ludwigsburg|Kornwestheim Pbf|Stuttgart-Zuffenhausen,8005770,Stuttgart-Feuerbach,Baden-Württemberg,Feuerbach,70469,9.169186287,48.81363554,3,2608090327,,2608090327,,,,,,,,,,,1.0,1.0
-7438159880208752554-2608090255-5,7184,2608090307,2608090307,6,,S,S1,Stuttgart Hbf|Stuttgart-Bad Cannstatt|Stuttgart Neckarpark|Stuttgart-Untertürkheim,8005772,Stuttgart-Obertürkheim,Baden-Württemberg,Stuttgart,70329,9.268167932,48.76175015,4,2608090307,,2608090307,,,,,,,,,,,0.0,0.0
3001416332213376097-2608090320-11,7187,2608090352,2608090352,5,,S,S1,Kirchheim(Teck)|Kirchheim(Teck)-Ötlingen|Wendlingen(Neckar)|Wernau(Neckar)|Plochingen|Altbach|Esslingen-Zell|Oberesslingen|Esslingen(Neckar)|Esslingen-Mettingen,8005772,Stuttgart-Obertürkheim,Baden-Württemberg,Stuttgart,70329,9.268167932,48.76175015,4,2608090352,,2608090352,,,,,,,,,,,0.0,0.0
4924725122224181772-2608090316-8,7786,2608090337,2608090338,3,,S,S1,Herrenberg|Nufringen|Gärtringen|Ehningen(b Böblingen)|Hulb|Böblingen|Goldberg(Württ),8005773,Stuttgart-Rohr,Baden-Württemberg,Stuttgart,70565,9.108158025,48.71799427,4,2608090339,,2608090339,,,,,,,,,,,2.0,1.0
-931454936836517219-2608090316-2,7785,2608090317,2608090323,2,,S,S1,Stuttgart-Vaihingen,8005773,Stuttgart-Rohr,Baden-Württemberg,Stuttgart,70565,9.108158025,48.71799427,4,2608090317,,2608090323,,,,,,,,,,,0.0,0.0
-2673665451281248728-2608090335-2,7987,2608090336,2608090342,2,,S,S2,Stuttgart-Vaihingen,8005773,Stuttgart-Rohr,Baden-Württemberg,Stuttgart,70565,9.108158025,48.71799427,4,2608090336,,2608090342,,,,,,,,,,,0.0,0.0
-6273536954068750043-2608090303-6,7984,2608090318,2608090319,3,,S,S2,Filderstadt|Stuttgart Flughafen/Messe|Echterdingen|Leinfelden|Oberaichen,8005773,Stuttgart-Rohr,Baden-Württemberg,Stuttgart,70565,9.108158025,48.71799427,4,2608090319,,2608090319,,,,,,,,,,,1.0,0.0
-44137162041026138-2608090350-4,7286,2608090359,2608090359,4,,S,S2,Stuttgart Hbf|Stuttgart-Bad Cannstatt|Stuttgart Nürnberger Str.,8005774,Stuttgart-Sommerrain,Baden-Württemberg,Stuttgart,70374,9.248369749,48.81521824,5,2608090408,,2608090408,,h,1,Bauarbeiten,,,,,,,9.0,9.0
5699756456223548979-2608090311-9,7385,2608090335,2608090335,1,,S,S3,Backnang|Maubach|Nellmersbach|Winnenden|Schwaikheim|Neustadt-Hohenacker|Waiblingen|Fellbach,8005774,Stuttgart-Sommerrain,Baden-Württemberg,Stuttgart,70374,9.248369749,48.81521824,5,2608090335,,2608090336,,,,,,,,,,,0.0,1.0
5829267772153100792-2608090312-4,7384,2608090324,2608090324,4,,S,S3,Stuttgart Hbf|Stuttgart-Bad Cannstatt|Stuttgart Nürnberger Str.,8005774,Stuttgart-Sommerrain,Baden-Württemberg,Stuttgart,70374,9.248369749,48.81521824,5,2608090325,,2608090325,,,,,,,,,,,1.0,1.0
-1669766330763761732-2608090303-12,7287,2608090330,2608090330,1,,S,S2,Schorndorf|Weiler(Rems)|Winterbach(b Schorndorf)|Geradstetten|Grunbach|Beutelsbach|Endersbach|Stetten-Beinstein|Rommelshausen|Waiblingen|Fellbach,8005774,Stuttgart-Sommerrain,Baden-Württemberg,Stuttgart,70374,9.248369749,48.81521824,5,2608090339,,2608090341,,h,1,Bauarbeiten,,,,,,,9.0,11.0
-7438159880208752554-2608090255-4,7184,2608090304,2608090304,6,,S,S1,Stuttgart Hbf|Stuttgart-Bad Cannstatt|Stuttgart Neckarpark,8005775,Stuttgart-Untertürkheim Pbf,Baden-Württemberg,Stuttgart,70327,9.250467074,48.77984679,3,2608090304,,2608090304,,,,,,,,,,,0.0,0.0
3001416332213376097-2608090320-12,7187,2608090355,2608090355,5,,S,S1,Kirchheim(Teck)|Kirchheim(Teck)-Ötlingen|Wendlingen(Neckar)|Wernau(Neckar)|Plochingen|Altbach|Esslingen-Zell|Oberesslingen|Esslingen(Neckar)|Esslingen-Mettingen|Stuttgart-Obertürkheim,8005775,Stuttgart-Untertürkheim Pbf,Baden-Württemberg,Stuttgart,70327,9.250467074,48.77984679,3,2608090355,,2608090355,,,,,,,,,,,0.0,0.0
4924725122224181772-2608090316-9,7786,2608090340,,3,,S,,Herrenberg|Nufringen|Gärtringen|Ehningen(b Böblingen)|Hulb|Böblingen|Goldberg(Württ)|Stuttgart-Rohr,8005776,Stuttgart-Vaihingen,Baden-Württemberg,Stuttgart,70563,9.113913368,48.72698116,3,2608090341,,,,,,,,,,,,,1.0,0.0
-931454936836517219-2608090316-1,7785,,2608090316,,,S,S1,,8005776,Stuttgart-Vaihingen,Baden-Württemberg,Stuttgart,70563,9.113913368,48.72698116,3,,,2608090316,,,,,,,,,,,0.0,0.0
-2673665451281248728-2608090335-1,7987,,2608090335,,,S,S2,,8005776,Stuttgart-Vaihingen,Baden-Württemberg,Stuttgart,70563,9.113913368,48.72698116,3,,,2608090335,,,,,,,,,,,0.0,0.0
-6273536954068750043-2608090303-7,7984,2608090320,,2,,S,,Filderstadt|Stuttgart Flughafen/Messe|Echterdingen|Leinfelden|Oberaichen|Stuttgart-Rohr,8005776,Stuttgart-Vaihingen,Baden-Württemberg,Stuttgart,70563,9.113913368,48.72698116,3,2608090321,,,,,,,,,,,,,1.0,0.0
-2477240971651107566-2608090317-7,7684,2608090333,2608090334,1,,S,S6,Stuttgart Hbf|Stuttgart Nordbahnhof|Stuttgart-Feuerbach|Stuttgart-Zuffenhausen|Neuwirtshaus(Porscheplatz)|Korntal,8006268,Stuttgart-Weilimdorf,Baden-Württemberg,Stuttgart,70499,9.094370086,48.82208429,5,2608090333,,2608090334,,,,,,,,,,,0.0,0.0
3204868192877518802-2608090303-8,7685,2608090326,2608090326,2,,S,S6,Weil der Stadt|Malmsheim|Renningen|Rutesheim|Leonberg|Höfingen|Ditzingen,8006268,Stuttgart-Weilimdorf,Baden-Württemberg,Stuttgart,70499,9.094370086,48.82208429,5,2608090328,,2608090329,,,,,,,,,,,2.0,3.0
8199706342352374014-2608090307-4,7482,2608090316,2608090317,4,,S,S4,Stuttgart Hbf|Stuttgart Nordbahnhof|Stuttgart-Feuerbach,8005778,Stuttgart-Zuffenhausen,Baden-Württemberg,Stuttgart,70435,9.167156375,48.82960884,3,2608090316,,2608090317,,h,1,Bauarbeiten,,,,,,,0.0,0.0
-2477240971651107566-2608090317-4,7684,2608090326,2608090327,11,,S,S6,Stuttgart Hbf|Stuttgart Nordbahnhof|Stuttgart-Feuerbach,8005778,Stuttgart-Zuffenhausen,Baden-Württemberg,Stuttgart,70435,9.167156375,48.82960884,3,2608090326,,2608090327,,,,,,,,,,,0.0,0.0
1121323544050799580-2608090325-7,7485,2608090343,2608090344,2,,S,S4,Marbach(Neckar)|Benningen(Neckar)|Freiberg(Neckar)|Favoritepark|Ludwigsburg|Kornwestheim Pbf,8005778,Stuttgart-Zuffenhausen,Baden-Württemberg,Stuttgart,70435,9.167156375,48.82960884,3,2608090343,,2608090344,,h,1,Bauarbeiten,,,,,,,0.0,0.0
-7787240854755392241-2608090327-4,7586,2608090336,2608090337,4,,S,S5,Stuttgart Hbf|Stuttgart Nordbahnhof|Stuttgart-Feuerbach,8005778,Stuttgart-Zuffenhausen,Baden-Württemberg,Stuttgart,70435,9.167156375,48.82960884,3,2608090354,,2608090355,,,,,,,,,,,18.0,18.0
3204868192877518802-2608090303-11,7685,2608090333,2608090334,12,,S,S6,Weil der Stadt|Malmsheim|Renningen|Rutesheim|Leonberg|Höfingen|Ditzingen|Weilimdorf|Korntal|Neuwirtshaus(Porscheplatz),8005778,Stuttgart-Zuffenhausen,Baden-Württemberg,Stuttgart,70435,9.167156375,48.82960884,3,2608090336,,2608090336,,,,,,,,,,,3.0,2.0
-7572214224253311572-2608090307-6,7585,2608090323,2608090324,2,,S,S5,Bietigheim-Bissingen|Tamm(Württ)|Asperg|Ludwigsburg|Kornwestheim Pbf,8005778,Stuttgart-Zuffenhausen,Baden-Württemberg,Stuttgart,70435,9.167156375,48.82960884,3,2608090324,,2608090325,,,,,,,,,,,1.0,1.0
-7787240854755392241-2608090327-8,7586,2608090350,2608090350,3,,S,S5,Stuttgart Hbf|Stuttgart Nordbahnhof|Stuttgart-Feuerbach|Stuttgart-Zuffenhausen|Kornwestheim Pbf|Ludwigsburg|Asperg,8005820,Tamm (Württ),Baden-Württemberg,Tamm,71732,9.125288012,48.92187736,4,2608090407,,2608090408,,,,,,,,,,,17.0,18.0
-7572214224253311572-2608090307-2,7585,2608090310,2608090310,2,,S,S5,Bietigheim-Bissingen,8005820,Tamm (Württ),Baden-Württemberg,Tamm,71732,9.125288012,48.92187736,4,2608090311,,2608090312,,,,,,,,,,,1.0,2.0
-3680974359523044069-2608090327-3,17505,2608090338,2608090338,3,,RB,MEX90,Stuttgart Hbf|Stuttgart-Bad Cannstatt,8000180,Waiblingen,Baden-Württemberg,Waiblingen,71332,9.300476874,48.8262444,3,2608090338,,2608090338,,h,1,Störung,,,,,,,0.0,0.0
9222054265466378902-2608090320-3,19403,2608090332,2608090332,6,,ARV,13,Stuttgart Hbf|Stuttgart-Bad Cannstatt,8000180,Waiblingen,Baden-Württemberg,Waiblingen,71332,9.300476874,48.8262444,3,2608090332,,2608090333,,,,,,,,,,,0.0,1.0
5699756456223548979-2608090311-7,7385,2608090329,2608090330,1,,S,S3,Backnang|Maubach|Nellmersbach|Winnenden|Schwaikheim|Neustadt-Hohenacker,8000180,Waiblingen,Baden-Württemberg,Waiblingen,71332,9.300476874,48.8262444,3,2608090330,,2608090330,,,,,,,,,,,1.0,0.0
5829267772153100792-2608090312-6,7384,2608090329,2608090330,3,,S,S3,Stuttgart Hbf|Stuttgart-Bad Cannstatt|Stuttgart Nürnberger Str.|Stuttgart-Sommerrain|Fellbach,8000180,Waiblingen,Baden-Württemberg,Waiblingen,71332,9.300476874,48.8262444,3,2608090329,,2608090330,,,,,,,,,,,0.0,0.0
4610580799876874252-2608090256-7,19402,2608090328,2608090328,6,,ARV,13,Schwäbisch Gmünd|Lorch(Württ)|Waldhausen(b Schorndorf)|Plüderhausen|Urbach(b Schorndorf)|Schorndorf,8000180,Waiblingen,Baden-Württemberg,Waiblingen,71332,9.300476874,48.8262444,3,2608090329,,2608090329,,,,,,,,,,,1.0,1.0
-128104285512611060-2608090250-6,7284,2608090304,2608090305,7,,S,S2,Stuttgart Hbf|Stuttgart-Bad Cannstatt|Stuttgart Nürnberger Str.|Stuttgart-Sommerrain|Fellbach,8000180,Waiblingen,Baden-Württemberg,Waiblingen,71332,9.300476874,48.8262444,3,2608090304,,2608090305,,h,1,Bauarbeiten,,,,,,,0.0,0.0
-1669766330763761732-2608090303-10,7287,2608090324,2608090325,5,,S,S2,Schorndorf|Weiler(Rems)|Winterbach(b Schorndorf)|Geradstetten|Grunbach|Beutelsbach|Endersbach|Stetten-Beinstein|Rommelshausen,8000180,Waiblingen,Baden-Württemberg,Waiblingen,71332,9.300476874,48.8262444,3,2608090324,,2608090331,,h,1,Bauarbeiten,,,,,c,,0.0,6.0
-2477240971651107566-2608090317-14,7684,2608090357,,1,,S,,Stuttgart Hbf|Stuttgart Nordbahnhof|Stuttgart-Feuerbach|Stuttgart-Zuffenhausen|Neuwirtshaus(Porscheplatz)|Korntal|Weilimdorf|Ditzingen|Höfingen|Leonberg|Rutesheim|Renningen|Malmsheim,8006271,Weil der Stadt,Baden-Württemberg,Weil der Stadt,71263,8.873189074,48.7557357,4,2608090358,,,,,,,,,,,,,1.0,0.0
3204868192877518802-2608090303-1,7685,,2608090303,,,S,S6,,8006271,Weil der Stadt,Baden-Württemberg,Weil der Stadt,71263,8.873189074,48.7557357,4,,,2608090303,,,,,,,,,,,0.0,0.0
-128104285512611060-2608090250-14,7284,2608090322,2608090322,1,,S,S2,Stuttgart Hbf|Stuttgart-Bad Cannstatt|Stuttgart Nürnberger Str.|Stuttgart-Sommerrain|Fellbach|Waiblingen|Rommelshausen|Stetten-Beinstein|Endersbach|Beutelsbach|Grunbach|Geradstetten|Winterbach(b Schorndorf),8006277,Weiler (Rems),Baden-Württemberg,Schorndorf,76314,9.501891172,48.80034585,5,2608090322,,2608090322,,h,1,Bauarbeiten,,,,,,,0.0,0.0
-1669766330763761732-2608090303-2,7287,2608090306,2608090306,2,,S,S2,Schorndorf,8006277,Weiler (Rems),Baden-Württemberg,Schorndorf,76314,9.501891172,48.80034585,5,2608090306,,2608090306,,h,1,Bauarbeiten,,,,,c,c,0.0,0.0
-7438159880208752554-2608090255-13,7184,2608090332,2608090333,11,,S,S1,Stuttgart Hbf|Stuttgart-Bad Cannstatt|Stuttgart Neckarpark|Stuttgart-Untertürkheim|Stuttgart-Obertürkheim|Esslingen-Mettingen|Esslingen(Neckar)|Oberesslingen|Esslingen-Zell|Altbach|Plochingen|Wernau(Neckar),8006331,Wendlingen (Neckar),Baden-Württemberg,Wendlingen am Neckar,73240,9.373662098,48.67368917,3,2608090334,,2608090334,,,,,,,,,,,2.0,1.0
3001416332213376097-2608090320-3,7187,2608090327,2608090328,12,,S,S1,Kirchheim(Teck)|Kirchheim(Teck)-Ötlingen,8006331,Wendlingen (Neckar),Baden-Württemberg,Wendlingen am Neckar,73240,9.373662098,48.67368917,3,2608090327,,2608090328,,,,,,,,,,,0.0,0.0
-7438159880208752554-2608090255-12,7184,2608090328,2608090329,2,,S,S1,Stuttgart Hbf|Stuttgart-Bad Cannstatt|Stuttgart Neckarpark|Stuttgart-Untertürkheim|Stuttgart-Obertürkheim|Esslingen-Mettingen|Esslingen(Neckar)|Oberesslingen|Esslingen-Zell|Altbach|Plochingen,8006346,Wernau (Neckar),Baden-Württemberg,Wernau (Neckar),73249,9.413654423,48.69417221,4,2608090328,,2608090329,,,,,,,,,,,0.0,0.0
3001416332213376097-2608090320-4,7187,2608090331,2608090331,1,,S,S1,Kirchheim(Teck)|Kirchheim(Teck)-Ötlingen|Wendlingen(Neckar),8006346,Wernau (Neckar),Baden-Württemberg,Wernau (Neckar),73249,9.413654423,48.69417221,4,2608090331,,2608090331,,,,,,,,,,,0.0,0.0
-3680974359523044069-2608090327-4,17505,2608090344,2608090345,2,,RB,MEX90,Stuttgart Hbf|Stuttgart-Bad Cannstatt|Waiblingen,8006479,Winnenden,Baden-Württemberg,Winnenden,71364,9.392155928,48.8795625,3,2608090344,,2608090345,,h,1,Störung,,,,,,,0.0,0.0
5699756456223548979-2608090311-4,7385,2608090319,2608090320,3,,S,S3,Backnang|Maubach|Nellmersbach,8006479,Winnenden,Baden-Württemberg,Winnenden,71364,9.392155928,48.8795625,3,2608090320,,2608090321,,,,,,,,,,,1.0,1.0
5829267772153100792-2608090312-9,7384,2608090339,2608090339,2,,S,S3,Stuttgart Hbf|Stuttgart-Bad Cannstatt|Stuttgart Nürnberger Str.|Stuttgart-Sommerrain|Fellbach|Waiblingen|Neustadt-Hohenacker|Schwaikheim,8006479,Winnenden,Baden-Württemberg,Winnenden,71364,9.392155928,48.8795625,3,2608090339,,2608090339,,,,,,,,,,,0.0,0.0
-128104285512611060-2608090250-13,7284,2608090320,2608090320,2,,S,S2,Stuttgart Hbf|Stuttgart-Bad Cannstatt|Stuttgart Nürnberger Str.|Stuttgart-Sommerrain|Fellbach|Waiblingen|Rommelshausen|Stetten-Beinstein|Endersbach|Beutelsbach|Grunbach|Geradstetten,8006485,Winterbach (b Schorndorf),Baden-Württemberg,Winterbach,73650,9.481549751,48.79842743,4,2608090320,,2608090320,,h,1,Bauarbeiten,,,,,,,0.0,0.0
-1669766330763761732-2608090303-3,7287,2608090308,2608090308,1,,S,S2,Schorndorf|Weiler(Rems),8006485,Winterbach (b Schorndorf),Baden-Württemberg,Winterbach,73650,9.481549751,48.79842743,4,2608090307,,2608090308,,h,1,Bauarbeiten,,,,,c,c,-1.0,0.0
-2550013693403130632-2608090334-5,7085,2608090343,2608090344,1,,S,S60,Böblingen|Sindelfingen|Maichingen|Maichingen Nord,8003807,Magstadt,Baden-Württemberg,Magstadt,71106,8.965315746,48.73616033,6,2608090345,,2608090346,,,,,,,,,,,2.0,2.0
-5446958204228846804-2608090309-3,7084,2608090315,2608090315,2,,S,S60,Renningen|Renningen Süd,8003807,Magstadt,Baden-Württemberg,Magstadt,71106,8.965315746,48.73616033,6,2608090315,,2608090315,,,,,,,,,,,0.0,0.0
-2550013693403130632-2608090334-4,7085,2608090341,2608090341,1,,S,S60,Böblingen|Sindelfingen|Maichingen,8003834,Maichingen Nord,Baden-Württemberg,Sindelfingen,71069,8.979416996,48.72750392,5,2608090343,,2608090344,,,,,,,,,,,2.0,3.0
-5446958204228846804-2608090309-4,7084,2608090317,2608090317,2,,S,S60,Renningen|Renningen Süd|Magstadt,8003834,Maichingen Nord,Baden-Württemberg,Sindelfingen,71069,8.979416996,48.72750392,5,2608090317,,2608090317,,,,,,,,,,,0.0,0.0
-2550013693403130632-2608090334-3,7085,2608090339,2608090340,1,,S,S60,Böblingen|Sindelfingen,8003808,Maichingen,Baden-Württemberg,Sindelfingen,71069,8.969606704,48.72162074,6,2608090341,,2608090342,,,,,,,,,,,2.0,2.0
-5446958204228846804-2608090309-5,7084,2608090319,2608090319,1,,S,S60,Renningen|Renningen Süd|Magstadt|Maichingen Nord,8003808,Maichingen,Baden-Württemberg,Sindelfingen,71069,8.969606704,48.72162074,6,2608090319,,2608090319,,,,,,,,,,,0.0,0.0
-2550013693403130632-2608090334-6,7085,2608090347,2608090348,1,,S,S60,Böblingen|Sindelfingen|Maichingen|Maichingen Nord|Magstadt,8005001,Renningen Süd,Baden-Württemberg,Renningen,71272,8.932068278,48.76261937,6,2608090349,,2608090350,,,,,,,,,,,2.0,2.0
-5446958204228846804-2608090309-2,7084,2608090311,2608090311,2,,S,S60,Renningen,8005001,Renningen Süd,Baden-Württemberg,Renningen,71272,8.932068278,48.76261937,6,2608090311,,2608090312,,,,,,,,,,,0.0,1.0
